file_name,extension,size_bytes,sha256_first_1mb
Elastic.cae,.cae,167936,a2751b2155f565f45410820a2916e94fe542c31c3c81712ccb9e11526be5a210
Elastic.jnl,.jnl,10650,945ad7f88e4965af6810eaf3e9a898ffa0c61ba174a141b6523af9acc17a4fca
Job-1.com,.com,2871,fa0361458c1153874b132d319b7e32d9d5e49a8285292e2c586760f351de2dfd
Job-1.dat,.dat,5122794,bb3b3344d25ecd7406ed3220c4852b7691bc5b22cf23abf36b49e59e68393a41
Job-1.fil,.fil,18718344,62c46b92d39cfd4948b82e882af74dec467da69cc31b118152af27c86f2ac806
Job-1.inp,.inp,264637,47a71e082f6af7cdfa70989bd104301e51683b3390a34e7a434a9eb50aedaedf
Job-1.log,.log,616,b2e6f95971155fc3f04924b40e8df952a0758c35030d154950628057d7d9edcf
Job-1.msg,.msg,12423,bdaefc70fcbb061c5346f9980374733623995290a682ff22070331780cffc951
Job-1.odb,.odb,8252572,dc9ff64a643d2a33f44ebaa4fb8355b0f868b7a9f2f9375123ac00bedc97510d
Job-1.prt,.prt,1470524,380428405ad34c131b68d6c041bb9ff04e1f70dd4bd24f6d2a2637df77b4119b
Job-1.sim,.sim,1712221,3fa956ec2af77aab753acbfed3b4e477eed3296174d8ce670392b5a43f24a36f
Job-1.sta,.sta,443,8949b1947e1aaf17e604d52ea392848854a56213d58dd3921cbb4fbf0d81e276
Job-2.com,.com,2899,0937e3dd2e65d6e2b05706440c13169f2d75f5bdb32173f7423c137f9b9ed491
Job-2.dat,.dat,17838,e4106003738e289bded185d9c37039ece8fafdd00559565900db61e0f41bd35a
Job-2.inp,.inp,264424,907c4c57c0a20ceadd2e7e5f1f85715cbb9851f0e88af21a0b85a345690dbb70
Job-2.log,.log,733,be9a84b073a6d3bc6fbdc2f255c0502aa3f48cbde80bab5fa62aca3fccbe193b
Job-2.msg,.msg,1080117,de2ff413947ec203756573374d2cdce1a3f27201d5e333a594e2e416851ff4bc
Job-2.odb,.odb,393673564,1f6f9ef73003f7ed1cb920c51163774e7c55a2cc26b13edb9beac7a8f17bac28
Job-2.prt,.prt,1470524,380428405ad34c131b68d6c041bb9ff04e1f70dd4bd24f6d2a2637df77b4119b
Job-2.sim,.sim,1510673,dc54469783c1e7d347601b478e70b87ce995da65f9e887d03358a564ca9f7fff
Job-2.sta,.sta,10658,0d1fc8dc8572e5dc27453356b452a69c91c4e9a2f3d948c264b8cdea48029e27
Result1.rpt,.rpt,8011,4a623d2b4a5f63020c810c34187142cd9162bb49e0f55107468a8ea9cba55e4d
Result2.rpt,.rpt,530,30aeae30e362a217ad5e5e7755097e001924d47d421479851bb503a02e96cbe1
